{"J_10": 0.014387149037856331, "J_11": 0.015109076737407428, "J_2": 0.0224561621845604, "J_tau": 0.04966874042122288, "J_energy": 0.05163774186217431}