{"J_10": 0.7056196461274793, "J_11": 0.8259017042974107, "J_2": 1.17016565900901, "J_tau": 2.2966637985466147, "J_energy": 2.5966834771517213}