{"J_10": 0.7265412917160377, "J_11": 0.7817253605795833, "J_2": 1.1655939486274787, "J_tau": 2.674268587473995, "J_energy": 2.5636764529070786}