{"J_10": 0.0142708426393725, "J_11": 0.01447392439522801, "J_2": 0.022778969208846814, "J_tau": 0.054645880404648475, "J_energy": 0.054783116133744765}