{"J_10": 0.7083388122229413, "J_11": 0.7785288965867985, "J_2": 1.1625122147469873, "J_tau": 2.6821510089219287, "J_energy": 2.970884357384404}